{
    "loss": 4.083268642425537,
    "accuracy": 0.6842105388641357
}